model,MAE,RMSE,test_samples
Neural Network,45.63097381591797,75.69826642045707,13016
Random Forest,19.3126433457112,38.291876495576,13016
